<?xml version="1.0" encoding="utf-8" ?>
<!--人力资源管理-->
<hr xmlns:xsi="http://www.w3.org/2001/XMLSchema-instance" xsi:noNamespaceSchemaLocation="hr.xsd">
    <employee no="3309">
        <name>张三</name>
        <age>31</age>
        <salary>4000</salary>
        <department>
            <dname>会计部</dname>
            <address>XX-大厦-B103</address>
        </department>
    </employee>

    <employee no="3310">
        <name>李四</name>
        <age>33</age>
        <salary>3000</salary>
        <department>
            <dname>会计部</dname>
            <address>XX-大厦-B104</address>
        </department>
    </employee>
</hr>